alias sa Sadato <saadat@popbiz.co.jp>
alias Flan Mr Flan <globeaux@yahoo.com>
alias mark Mark Schaerf <mark_schaerf@hotmail.com>
alias s_f_worden Steve Worden <s_f_worden@hotmail.com>
alias rogerII Roger <tsai729@seed.net.tw>
alias theresa Theresa <Theresa@ms.chinmin.edu.tw>
alias steve Steve <toufenhoover@yahoo.com>
alias gina Gina <aihua0204@yahoo.com.tw>
alias sasaki Minoru & Midori Sasaki <m-sasaki@kc4.so-net.ne.jp>, Minoru Sasaki <minoru@ctc-g.co.jp>
alias setsuko Setsuko Okazaki <canada_so@hotmail.com>, Setsuko Okazaki <canada@mail.goo.ne.jp>
alias cynthia cynthiay@mail.scu.edu.tw
alias johnsewell John <sewelljohn@earthlink.net>
alias yo Mai-chan <koara8@hotmail.com>
alias j27 Mai <j27acebc4225qa@k.vodafone.ne.jp>

alias doris 吳 家綺 <wu881025@yahoo.com.tw>
alias stella ★♀劉佩榕♀★ <stuc341915@yahoo.com.tw>
alias lin 佳玲 江 <winds40180@yahoo.com.tw>
alias miru 志哲 林 <x738692@yahoo.com.tw>
alias anita 邱 馨儀 <monday78952@yahoo.com.tw>
alias cindy 葶芬 孫 <zxcvbn12tw@yahoo.com.tw>
alias jill 君媛 黃 <zzoz33tw@yahoo.com.tw>
alias mandy 敹萄滬  <U+EBF6> <ji3rul41l3ao4@yahoo.com.tw>
alias yvonne Udo 雨潼 <jk06iany22@hotmail.com>
alias sally 芷吟 陳 <cute171520@yahoo.com.tw>
alias mil Mil <she159638@yahoo.com.tw>
alias jennifer ×茵 × ♀可可＊ <dior82628@yahoo.com.tw>

alias j27acebc4225qa Humor Grandma <j27acebc4225qa@k.vodafone.ne.jp>
